Date,Name,Year,Letterboxd URI
2021-12-28,Joker,2019,https://boxd.it/h4cS
2021-12-28,Pulp Fiction,1994,https://boxd.it/29Pq
2021-12-28,Inception,2010,https://boxd.it/1skk
2021-12-28,Spider-Man: Into the Spider-Verse,2018,https://boxd.it/azpY
2021-12-28,The Dark Knight,2008,https://boxd.it/2b0k
2021-12-28,Interstellar,2014,https://boxd.it/4VZ8
2021-12-28,Avengers: Infinity War,2018,https://boxd.it/9vEe
2021-12-28,Baby Driver,2017,https://boxd.it/bhF2
2021-12-28,Black Panther,2018,https://boxd.it/8MHs
2021-12-28,Avengers: Endgame,2019,https://boxd.it/9vE4
2021-12-28,Spirited Away,2001,https://boxd.it/2b4m
2021-12-28,Dune,2021,https://boxd.it/fA7G
2021-12-28,Guardians of the Galaxy,2014,https://boxd.it/3VH2
2021-12-28,The Social Network,2010,https://boxd.it/17ue
2021-12-28,Django Unchained,2012,https://boxd.it/2cCk
2021-12-28,The Matrix,1999,https://boxd.it/2a1m
2021-12-28,Hereditary,2018,https://boxd.it/hNVe
2021-12-28,Thor: Ragnarok,2017,https://boxd.it/8MHi
2021-12-28,Forrest Gump,1994,https://boxd.it/728
2021-12-28,Spider-Man: Homecoming,2017,https://boxd.it/aboM
2021-12-28,The Godfather,1972,https://boxd.it/2aNK
2021-12-28,Soul,2020,https://boxd.it/ioLA
2021-12-28,Spider-Man: No Way Home,2021,https://boxd.it/nwRw
2021-12-28,Harry Potter and the Deathly Hallows: Part 1,2010,https://boxd.it/1RYu
2021-12-28,Up,2009,https://boxd.it/1OEc
2021-12-28,BlacKkKlansman,2018,https://boxd.it/hxL8
2021-12-28,The Departed,2006,https://boxd.it/28MA
2021-12-28,Taxi Driver,1976,https://boxd.it/2b8y
2021-12-28,How the Grinch Stole Christmas,2000,https://boxd.it/1ZHQ
2021-12-28,Arthur Christmas,2011,https://boxd.it/Cg6
2021-12-28,Back to the Future,1985,https://boxd.it/2b8e
2021-12-28,Tenet,2020,https://boxd.it/leq4
2021-12-28,The Shawshank Redemption,1994,https://boxd.it/2aHi
2021-12-28,Ratatouille,2007,https://boxd.it/27ww
2021-12-28,Casino,1995,https://boxd.it/2ads
2021-12-29,Zindagi Na Milegi Dobara,2011,https://boxd.it/efo
2021-12-29,Free Guy,2021,https://boxd.it/k8dm
2021-12-29,Gangs of New York,2002,https://boxd.it/25FG
2021-12-30,The Pursuit of Happyness,2006,https://boxd.it/28PE
2021-12-30,Uncut Gems,2019,https://boxd.it/gXGc
2021-12-31,Onward,2020,https://boxd.it/io92
2022-01-02,Premonition,2007,https://boxd.it/1Xqe
2022-01-02,The Incredibles,2004,https://boxd.it/1XLm
2022-01-08,Blades of Glory,2007,https://boxd.it/1Xrm
2022-01-08,Falling Down,1993,https://boxd.it/194M
2022-01-08,Guess Who's Coming to Dinner,1967,https://boxd.it/27Xi
2022-01-09,Billy Madison,1995,https://boxd.it/1UQI
2022-01-15,Big,1988,https://boxd.it/271S
2022-01-30,Big Hero 6,2014,https://boxd.it/5rje
2022-02-06,Action U.S.A.,1989,https://boxd.it/34X2
2022-02-06,Death Spa,1988,https://boxd.it/1pHq
2022-02-23,The Trial of the Chicago 7,2020,https://boxd.it/kn3w
2022-04-21,The Pianist,2002,https://boxd.it/2aqc
2022-10-10,Hachi: A Dog's Tale,2009,https://boxd.it/1q4a
2022-12-16,The Menu,2022,https://boxd.it/lScm
2022-12-16,Everything Everywhere All at Once,2022,https://boxd.it/jUk4
2023-01-09,I Care a Lot,2020,https://boxd.it/mcHk
2023-01-09,Just Go with It,2011,https://boxd.it/Doq
2023-01-09,The Iron Giant,1999,https://boxd.it/1Wow
2023-01-09,Avatar: The Way of Water,2022,https://boxd.it/2E2E
2023-01-09,Parasite,2019,https://boxd.it/hTha
2023-01-09,Whiplash,2014,https://boxd.it/7bQA
2023-01-09,Nope,2022,https://boxd.it/sDCe
2023-01-09,Top Gun: Maverick,2022,https://boxd.it/cjr4
2023-01-09,The Batman,2022,https://boxd.it/eDGs
2023-01-09,Inglourious Basterds,2009,https://boxd.it/1JzG
2023-01-09,Her,2013,https://boxd.it/4O24
2023-01-09,Shutter Island,2010,https://boxd.it/1U82
2023-01-09,Doctor Strange in the Multiverse of Madness,2022,https://boxd.it/gaTc
2023-01-09,Coco,2017,https://boxd.it/bYJQ
2023-01-09,The Lord of the Rings: The Fellowship of the Ring,2001,https://boxd.it/2b5O
2023-01-09,Star Wars,1977,https://boxd.it/72s
2023-01-09,Inside Out,2015,https://boxd.it/4KHC
2023-01-09,The Perks of Being a Wallflower,2012,https://boxd.it/2ZA8
2023-01-09,GoodFellas,1990,https://boxd.it/29FA
2023-01-09,Fantastic Mr. Fox,2009,https://boxd.it/1WyQ
2023-01-09,Doctor Strange,2016,https://boxd.it/8MH8
2023-01-09,It,2017,https://boxd.it/bC8e
2023-01-09,Dead Poets Society,1989,https://boxd.it/2aSg
2023-01-09,Avatar,2009,https://boxd.it/1Efm
2023-01-09,WALLÂ·E,2008,https://boxd.it/1VEo
2023-01-09,Captain America: Civil War,2016,https://boxd.it/89Ja
2023-01-09,Captain America: The First Avenger,2011,https://boxd.it/28b0
2023-01-09,Captain Marvel,2019,https://boxd.it/9vSA
2023-01-09,Iron Man,2008,https://boxd.it/28dA
2023-01-09,The Incredible Hulk,2008,https://boxd.it/28dU
2023-01-09,Iron Man 2,2010,https://boxd.it/1WZM
2023-01-09,Thor,2011,https://boxd.it/1WQU
2023-01-09,The Avengers,2012,https://boxd.it/1xFW
2023-01-09,Iron Man 3,2013,https://boxd.it/2cBQ
2023-01-09,Thor: The Dark World,2013,https://boxd.it/2DqA
2023-01-09,Captain America: The Winter Soldier,2014,https://boxd.it/3r58
2023-01-09,Guardians of the Galaxy Vol. 2,2017,https://boxd.it/8MxC
2023-01-09,Avengers: Age of Ultron,2015,https://boxd.it/3qi6
2023-01-09,Ant-Man,2015,https://boxd.it/3vmW
2023-01-09,Black Widow,2021,https://boxd.it/hWV8
2023-01-09,Ant-Man and the Wasp,2018,https://boxd.it/cqUW
2023-01-09,Spider-Man: Far from Home,2019,https://boxd.it/fegG
2023-01-09,Shang-Chi and the Legend of the Ten Rings,2021,https://boxd.it/kLDI
2023-01-09,Black Panther: Wakanda Forever,2022,https://boxd.it/igPu
2023-01-09,Spider-Man 2,2004,https://boxd.it/2a88
2023-01-09,Spider-Man,2002,https://boxd.it/2a8i
2023-01-09,The Amazing Spider-Man,2012,https://boxd.it/27PI
2023-01-09,The Amazing Spider-Man 2,2014,https://boxd.it/3utM
2023-01-09,Spider-Man 3,2007,https://boxd.it/2a7Y
2023-01-10,Diary of a Wimpy Kid,2010,https://boxd.it/1fUa
2023-01-10,Diary of a Wimpy Kid: Rodrick Rules,2011,https://boxd.it/gm2
2023-01-10,Monsters University,2013,https://boxd.it/bQm
2023-01-10,Diary of a Wimpy Kid: Dog Days,2012,https://boxd.it/2TG0
2023-01-10,The Lobster,2015,https://boxd.it/7tnw
2023-01-11,About Time,2013,https://boxd.it/43bI
2023-01-13,Luca,2021,https://boxd.it/ipjC
2023-01-14,Mr. Bean's Holiday,2007,https://boxd.it/28Yc
2023-01-14,Stone Cold,1991,https://boxd.it/1C4G
2023-01-15,Dude Bro Party Massacre III,2015,https://boxd.it/9ofG
2023-01-16,Tower Heist,2011,https://boxd.it/iQI
2023-01-16,Lilo & Stitch,2002,https://boxd.it/1TAY
2023-01-19,Horton Hears a Who!,2008,https://boxd.it/1SfA
2023-01-19,Planes,2013,https://boxd.it/4Na2
2023-01-20,Kung Fu Panda,2008,https://boxd.it/1Yws
2023-01-26,The Whale,2022,https://boxd.it/tw4c
2023-01-26,The Hunger Games,2012,https://boxd.it/2uds
2023-01-27,Coach Carter,2005,https://boxd.it/218e
2023-01-31,The Intouchables,2011,https://boxd.it/2FT0
2023-01-31,The Bad Guys,2022,https://boxd.it/nkg4
2023-01-31,Meet the Robinsons,2007,https://boxd.it/28Ym
2023-02-01,27 Dresses,2008,https://boxd.it/21x4
2023-02-02,The Angry Birds Movie,2016,https://boxd.it/4PBu
2023-02-02,New Balls Please,2004,https://boxd.it/h07O
2023-02-05,The Hateful Eight,2015,https://boxd.it/8gw8
2023-02-06,Zootopia,2016,https://boxd.it/84xS
2023-02-09,Toy Story,1995,https://boxd.it/29qA
2023-02-09,Toy Story 2,1999,https://boxd.it/29qq
2023-02-09,Toy Story 3,2010,https://boxd.it/1WRe
2023-02-09,Toy Story 4,2019,https://boxd.it/9ALu
2023-02-10,The Devil Wears Prada,2006,https://boxd.it/2awE
2023-02-14,Puss in Boots: The Last Wish,2022,https://boxd.it/aaie
2023-02-17,Ron's Gone Wrong,2021,https://boxd.it/hlj2
2023-02-20,Ice Age,2002,https://boxd.it/2apS
2023-02-23,The Secret Life of Walter Mitty,2013,https://boxd.it/3SWy
2023-02-23,The Grand Budapest Hotel,2014,https://boxd.it/3ZqO
2023-02-23,Behind Enemy Lines,2001,https://boxd.it/20GY
2023-02-28,Ice Age: The Meltdown,2006,https://boxd.it/2wRk
2023-03-09,Sharper,2023,https://boxd.it/qTXe
2023-03-09,Cocaine Bear,2023,https://boxd.it/ugw2
2023-03-09,Speed,1994,https://boxd.it/28qk
2023-03-14,Finding Nemo,2003,https://boxd.it/72i
2023-03-16,Jumanji,1995,https://boxd.it/1ZLI
2023-03-17,Finding Dory,2016,https://boxd.it/4aAA
2023-03-24,Alvin and the Chipmunks,2007,https://boxd.it/21E0
2023-03-24,Alvin and the Chipmunks: The Squeakquel,2009,https://boxd.it/1zgk
2023-03-30,Wreck-It Ralph,2012,https://boxd.it/2TTS
2023-03-31,Brave,2012,https://boxd.it/bVG
2023-04-03,Atlantis: The Lost Empire,2001,https://boxd.it/1Vck
2023-04-04,The Martian,2015,https://boxd.it/8SeG
2023-04-06,The Three Stooges,2012,https://boxd.it/2DFA
2023-04-08,The Room,2003,https://boxd.it/1ICY
2023-04-09,Schindler's List,1993,https://boxd.it/2aq2
2023-04-09,The Terminal,2004,https://boxd.it/2a2O
2023-04-09,Cars,2006,https://boxd.it/29ho
2023-04-09,Cars 2,2011,https://boxd.it/H4Y
2023-04-09,Cars 3,2017,https://boxd.it/7IPq
2023-04-09,Captain Phillips,2013,https://boxd.it/3GPK
2023-04-09,The Da Vinci Code,2006,https://boxd.it/2a3i
2023-04-09,You've Got Mail,1998,https://boxd.it/1Yye
2023-04-09,Greyhound,2020,https://boxd.it/iIaE
2023-04-09,Finch,2021,https://boxd.it/iXBq
2023-04-09,Turner & Hooch,1989,https://boxd.it/21ie
2023-04-09,Klaus,2019,https://boxd.it/ipoi
2023-04-13,The Parent Trap,1998,https://boxd.it/1XJq
2023-04-16,The Black Phone,2021,https://boxd.it/sqFE
2023-04-29,The Super Mario Bros. Movie,2023,https://boxd.it/i8C8
2023-05-06,Guardians of the Galaxy Vol. 3,2023,https://boxd.it/fVNI
2023-05-12,TRON: Legacy,2010,https://boxd.it/1Dlo
2023-05-18,Paul Blart: Mall Cop,2009,https://boxd.it/1NQw
2023-05-22,Doctor Dolittle,1998,https://boxd.it/25RM
2023-05-23,Airplane!,1980,https://boxd.it/29yu
2023-05-23,RV,2006,https://boxd.it/1YrW
2023-05-24,The Proposal,2009,https://boxd.it/1HiS
2023-05-24,Dr. Dolittle 2,2001,https://boxd.it/1Vlm
2023-06-03,Spider-Man: Across the Spider-Verse,2023,https://boxd.it/kSz4
2023-06-12,The Little Mermaid,1989,https://boxd.it/1WYO
2023-06-18,How to Train Your Dragon,2010,https://boxd.it/1WRy
2023-06-18,Escape Room,2019,https://boxd.it/iYlS
2023-06-22,Paul,2011,https://boxd.it/13uE
2023-06-22,We Bought a Zoo,2011,https://boxd.it/2AU8
2023-06-25,The Blackening,2022,https://boxd.it/C6VM
2023-06-25,Bullet Train,2022,https://boxd.it/qW26
2023-06-26,The Truman Show,1998,https://boxd.it/18U8
2023-06-28,Cloudy with a Chance of Meatballs,2009,https://boxd.it/1A40
